mbid;originalhash;myhash;themhash;status
0nhqJewP;-275645182;1543103508;-1600215481;UseMy
0Yhuvx3C;-1209293276;659305381;826735527;UseMy
17A2DDgD;-1476808411;-1921961233;174703903;UseMy
1JDFcOwV;254462602;1053429362;101327757;UseMy
1JYPGQ1e;379373284;-1621417261;1574783305;UseMy
1LFcSRPw;-1175030388;-2074952969;-36790665;UseMy
1PYZ36bt;189306181;163331368;153321100;UseMy
1Tft1d4A;-1028745673;-620678165;1429501928;UseMy
1ZEsHKgI;756737843;-234778289;-408477714;UseMy
28zNieSg;-1612606729;-1917603179;257634284;UseMy
2b1xZGaQ;-1259788222;2001123575;1918157117;UseMy
2Ott7Iq1;1652539666;-86357506;-813748821;UseMy
2paRqO8u;-55012229;-921439234;1856678745;UseMy
2rPMYl7Y;591649519;-2058653568;-2058650179;UseMy
3Ditaq1M;1621077660;-471710866;1927371662;UseMy
3gbgjJfZ;1699350727;-1526271457;-1475940800;UseMy
3lfS4iCZ;1034922967;1326809271;890138820;UseMy
3PPKhksv;1477891277;-804054731;1755373722;UseMy
3QeRov0e;-492658818;198986356;-796254870;UseMy
3Sk0BQ4n;1189462505;-1491672466;-921766205;UseMy
3UDUqYv1;586884013;-1255806975;-2121014703;UseMy
3wzCrzEq;1931551833;-334262838;105223795;UseMy
44tA6fNa;-1601193623;609136575;1930043514;UseMy
4BeLW46B;-281447659;-2077153924;-1714628482;UseMy
4hvV3GF1;1534208813;-950219071;-1410710984;UseMy
4pmvrnmN;-1881856886;-1037880238;115538070;UseMy
4t5zOiVF;-1715539085;-73353374;-1472490936;UseMy
5a0NhbOA;466552266;1296068305;-1297686930;UseMy
5cH6ssDI;-111494569;-45673640;751489880;UseMy
5CokRxmL;-1921714986;-1123310285;1416949760;UseMy
5GSrvawr;-992299103;266712529;1013159987;UseMy
5NRai8K5;2026296325;819492415;1546719061;UseMy
5NYPqKBj;587454190;-1956243061;1652941638;UseMy
6ETg3maz;2107931125;1704454234;1334566108;UseMy
6iLxrDBa;-855484151;-1456666373;-535504376;UseMy
6kn630ka;-211149084;-2142986760;-19916280;UseMy
6pCABUme;-440088060;701171335;-1714014536;UseMy
6PSgX2BP;2087434339;-1830573306;996657332;UseMy
6tBhhNaC;-539170089;877570161;1765428856;UseMy
6x1EcNvO;1858732523;-935462480;-1183579305;UseMy
6XxRQ38k;55971679;-1881224735;1363740348;UseMy
79h7xNeL;522567748;1924333470;1023023193;UseMy
7LjTNs1k;150047390;438633505;-72249952;UseMy
7ve3bQxg;-2064663841;-438962685;-338655037;UseMy
7XR4MJci;1591301507;1523598007;-2129117438;UseMy
886Q6KjF;506748074;1369982069;882963031;UseMy
8CUvpLtP;1677055566;-1579573373;411780810;UseMy
8jyUn6mb;-1271835864;-1181346048;-2060358149;UseMy
8TCev3Qs;-1231195964;1589392364;-919925584;UseMy
8Yb3IVvb;401469748;1221121464;-527692104;UseMy
8ym6UvxE;-1648436675;1919499369;-1315932023;UseMy
8yPqbZmm;-1938407715;153352441;-1639968284;UseMy
920FKjJk;-1288521874;852239955;224328046;UseMy
9d6WxRrj;351931428;1996159852;613465557;UseMy
9ezoyFMm;220165781;-380457597;-917286951;UseMy
9jB3KdQC;1647980251;307273343;-1614818975;UseMy
9nxTUZkO;1025853495;-1187986026;-735704366;UseMy
a0UTO8tW;-1620827137;2107466774;-567770678;UseMy
aExKdXmx;-2044082847;-2075703613;-2044082847;UseMy
aGvLxsub;1334337961;-2098278302;-1623278040;UseMy
ASRpFaGF;852014427;646441952;78608361;UseMy
AuohHCJZ;225286076;-48277802;1882320812;UseMy
AvaZUvnu;-960435201;921417406;-1407512162;UseMy
aWWzrwAw;-790253921;1718325743;-1265309168;UseMy
AZbJuZwF;-388592551;-1906200413;419401123;UseMy
AzdGEO33;1531294713;1653313458;1573356149;UseMy
B0eBWPoO;-1259011986;1252610588;1630106260;UseMy
B0YOpGsZ;974712018;726212466;-91726006;UseMy
b4BX9Fr5;60853978;-797823892;721592552;UseMy
bcpYibrF;-1642271991;105912954;-604282213;UseMy
bcYgBWkn;2043302170;1658886453;416641878;UseMy
bKsb7tcr;-1002219624;-1689712918;-2059120815;UseMy
Bsp30p3g;228704662;1207322575;-727419373;UseMy
bu2rmgY1;-1521483778;-2063925247;-1416365677;UseMy
bVmHW3wg;-1929558564;1745649150;-1439648196;UseMy
BwIT8F0k;-1023382356;1237317619;-1354781918;UseMy
BYTrUJyj;790054067;-1831303827;-537911086;UseMy
BZwKEIm5;1241843151;884742413;-1811522970;UseMy
c5GOJIhU;-2047872568;1835926434;1390465374;UseMy
CeCAMvkX;913876549;1432783371;249489576;UseMy
CJIsjKn0;-616856545;1710402416;-1051498945;UseMy
d7dUtRgd;298320173;-694864466;-345516668;UseMy
D7DZxiSt;-1312468869;652517567;305132885;UseMy
dBphGKTI;-2115216404;-1938696848;-147561194;UseMy
DIEjNmNa;-446632962;163265646;-254412502;UseMy
dj7YQaTS;-227172856;-109063159;-1728370387;UseMy
Dl4PUYNO;1304382436;601935452;326330992;UseMy
dL8196qY;-1086620192;-1190884680;-500027293;UseMy
dPD5zood;1814374371;-1033953510;898084715;UseMy
E3b8iKjc;282280398;-1208554801;-2049788784;UseMy
eabR87ne;-1884155963;46104548;-91281019;UseMy
Eazyj0P8;1507253133;1068472720;-690111084;UseMy
EerNV0aM;-2047872567;269842493;53299195;UseMy
EhxS7NQ4;2133985453;828593481;-1391562119;UseMy
EIaiIRTI;-1797776812;559136719;799925333;UseMy
EMVLtu5L;-1984977782;2053804985;-2026068384;UseMy
EnS6NwaH;938593537;-900977721;2060346601;UseMy
ENYbLO8r;-1820656646;-1528204321;942246867;UseMy
eWa2Rcla;2142173309;647581274;105230586;UseMy
FAIYN0vN;662937623;-775312150;1864909935;UseMy
FajKnyPb;1804129700;-1077014356;-478900828;UseMy
FCZc2zev;-1411912637;-1300771461;-132470359;UseMy
ffT8ISSb;109929416;-1750744281;-1138524197;UseMy
FHjM62IY;-1196992762;883559891;514673752;UseMy
FIBSi2VF;-899041770;-651459373;826954074;UseMy
fj5mYvNE;-2120529695;1187744595;88266268;UseMy
FMUlfbJf;-2043938832;-637956480;-1296622326;UseMy
frQX6OZv;84109401;-806030464;-806030364;UseMy
fZXEqTIP;518017902;290578885;571145368;UseMy
g8a8a8KJ;-1116190417;-253601118;1016158614;UseMy
gbHKGRr5;-1708735516;-198616615;-1833300077;UseMy
Ge9RMuRi;-796801592;-2111395554;2063128973;UseMy
GIkvhuCC;-237225990;-1639985744;2002904184;UseMy
gOsori1b;-1472483513;-682732636;-1417401868;UseMy
GQ96SX4M;1883342556;-1392327348;377585001;UseMy
GsIz1Ibk;-24077393;-2094925644;-94339107;UseMy
gT9QF6ML;-1444623266;-630248574;786138958;UseMy
GyZHauax;-968543292;-1384556412;594254975;UseMy
HCMsvAFv;-472341055;513214006;1229994758;UseMy
HGrsb7k2;-202258611;1963264214;485711;UseMy
hMiJvlJ5;-1983364605;-1495391465;1534280334;UseMy
hOyX7rSy;768037793;1644754079;1330094002;UseMy
isGIZ18i;-971539508;-1411513541;-107559258;UseMy
iYtzlRSN;1988211354;1329903445;378408591;UseMy
IYyuc1fz;-707733467;-797823892;1614475106;UseMy
J7oh7Vin;-288795168;1756157227;61365248;UseMy
ja74aAEI;1313502439;1816895393;469510685;UseMy
jD7aFORo;-110273532;-861643908;-1776439344;UseMy
jF4Nl8Au;-269259249;1263953332;-269259249;UseMy
jidYZW2s;941081000;166260783;876286716;UseMy
jjNSVzx3;-1889844306;-170610664;-327260159;UseMy
jYHKGhnc;1867880094;-881915840;-1746750928;UseMy
k63ZKmXX;1290355898;-1559764948;1825820351;UseMy
kaeRYRJN;999424887;1963904708;-155032014;UseMy
kiJxwqVh;1088455448;-145918848;-1032623981;UseMy
KiUVswtx;-333092222;-261455499;245522032;UseMy
kIVfA5cv;-1204090877;104490462;-1890859962;UseMy
kK8Kom0h;-1140976469;-845106464;465901658;UseMy
KL3h23kB;-882921869;1875443071;1115390618;UseMy
Ktpia7Pa;1574649399;-55562371;-1181062023;UseMy
KVDysdv2;-135496278;-646969482;-2048632748;UseMy
KWBzmJQl;1248922235;-11341954;1212819107;UseMy
kwJBLl00;837929366;2137756453;-847747133;UseMy
kXVHwjoV;-518138206;293837521;224067625;UseMy
kYc90hEl;-1630847915;-272950947;386717899;UseMy
l5H9x7Lo;229220672;1848376556;856159376;UseMy
LcppL68A;1937847262;-1622733216;-732845189;UseMy
lFTMxU98;2144828634;-1186233121;-81591587;UseMy
LrXRhmoS;764689043;-953202202;-2101306171;UseMy
LWGHZUBo;1352966076;-1666154128;-1412815552;UseMy
lwLhrGWV;-122237127;-206509760;709692591;UseMy
lYQAuYaH;1370795176;1953467249;1469436320;UseMy
m3JX1IFv;2117341455;1475045536;-1086062190;UseMy
M42bDhdI;388560419;1990641921;-89605468;UseMy
M7CcfbIx;1608156177;-622333642;-1490381310;UseMy
maptrack;-1946902081;1681810179;-1946902081;UseMy
mcWYveN4;-18953839;1738805680;-1247290864;UseMy
mfYzCeGR;-1517625716;-1426374134;-2027073562;UseMy
MISEi5Bh;-1132432600;-218649856;1053815114;UseMy
MmWzufrk;1087730456;-470764243;1453372392;UseMy
MNuEtdvb;931672207;-609536057;-1814131659;UseMy
MRktqZwu;419999453;1048105421;1054037346;UseMy
msDCQIY7;-1635136950;440466361;-1509011302;UseMy
Mt1cSesD;-2071984383;752940783;-1617227426;UseMy
myM5wdFI;1162467410;-1728416520;1720646026;UseMy
nb0l067B;1416250175;-836088709;-836088643;UseMy
NC2VGafO;-2129036784;-1312302854;395045958;UseMy
NCJCEVkp;1336429438;1744054235;1536931035;UseMy
nG750jQB;-1724567671;-1300865116;-1375516619;UseMy
NJa55XTF;1537323141;-1102033419;315465201;UseMy
NJmTcbOI;-471307179;-1983556699;1236492261;UseMy
NjPMRWbW;2061872663;1343612119;1857155167;UseMy
nkmoAaI7;-561978231;21868787;813826693;UseMy
nKn6m1LH;78903467;-807520068;-1255888930;UseMy
nQ0uWQsv;329841148;260275146;569114249;UseMy
nQStXojH;1971902359;868805658;1636712575;UseMy
Ntv5KPFe;-193987121;-1919142297;850302974;UseMy
NUiIPZRm;-1884370492;1281641869;1622239200;UseMy
nunbdOY1;-1122971540;-932673842;226804809;UseMy
nvaLVB5f;588993999;-2029363839;1203567242;UseMy
NWLH02KL;726666960;-2133609881;-106013792;UseMy
NxcXfUxu;1467975551;736671658;1874690076;UseMy
NzIK0ZE8;-949852093;693501519;-1920461716;UseMy
O20OVCj0;607703392;1885792391;1796521756;UseMy
ODpmvGFf;592041785;505077496;1682862985;UseMy
Of7XnP5c;2123396701;-1052396302;1544552530;UseMy
oHwFpTEw;674941000;-728289539;1703990532;UseMy
oT8DUcHf;1380609218;-2001256865;-2141090275;UseMy
OVeSBrhv;755399416;-67758977;25813722;UseMy
Owa28Kpr;-673788459;-593877661;1935283968;UseMy
OWwPj500;2128873588;589782421;-484765003;UseMy
OY0Jwctd;1273144382;1636607193;-1849223653;UseMy
p1eNH4BK;-309921122;676953659;922363783;UseMy
p1Y3EU5O;-1216651075;1937706194;-473664398;UseMy
p3Aa9Fr9;796493305;702041089;-1983714014;UseMy
P7MZ0hZb;1131729937;1421975180;1409676455;UseMy
PBq1FyrJ;-1704083554;573842734;1363995718;UseMy
pEFDJNJ6;115965528;-1336211032;984767188;UseMy
pFfqWRnf;-1609262774;-952117788;120188306;UseMy
pFzj52dE;1434764599;140048539;2039159050;UseMy
PG8anNca;-142215711;1623035263;1281947180;UseMy
pJcsJaW2;112369475;1493752947;1471253498;UseMy
PJMbfSPJ;2000859140;754317118;-1224781942;UseMy
pKquYFTX;1412778459;673127020;316896660;UseMy
PLbxHyPu;1976854729;-722200366;166329383;UseMy
PMSSAVgi;-818589112;-1658569690;-1430630130;UseMy
PnRVabwv;-355355047;1138283527;-390423179;UseMy
PThYJE2U;-1528405625;-402016923;194907333;UseMy
pvnY5Jwv;1740702204;1852214315;681809564;UseMy
qaKh6vRl;1303490705;-713423998;-922314458;UseMy
qgIMB69a;2113605014;1940359838;586777669;UseMy
QGX317PD;640790135;-2125805250;-343245501;UseMy
QHG6LU1g;160599378;-787855851;1439948047;UseMy
qhL5o55i;725663639;600592246;57300604;UseMy
QkbbLb4v;-1970056588;-489277554;2023184;UseMy
QKIxepj5;475358577;-997275630;-1321182656;UseMy
qmwv27To;2063415169;2071734332;1558678453;UseMy
qTFKXGSg;-1966747463;-624280600;935593212;UseMy
QtmPWQ5a;-2058082591;-1610650534;42586991;UseMy
QUFmBtbk;895669218;459716992;458129349;UseMy
rCiKbsyW;144351815;1846640694;2000680300;UseMy
RdbLbpgO;177508592;647552322;-483248968;UseMy
riYecgOn;1982647179;-1602235919;-939247593;UseMy
rJIY7OiR;-1601545452;1357936452;534563262;UseMy
rl4fgGfh;-1824015629;1887991751;-1097681876;UseMy
rlqjkZ9Q;-2021156385;-997584198;1151399918;UseMy
rNDRyFP4;219203699;-1304753177;1709496578;UseMy
RNT5hMVb;45671680;1760983360;1131241088;UseMy
rRGbn0Sm;257158003;-1987447434;817604464;UseMy
rWnvnufw;-1219069058;-531864754;378577531;UseMy
sA2OrT6l;1616088560;-46194745;680234561;UseMy
SdK678BT;-932553928;-752608580;-64211025;UseMy
SJuxSGfk;1592759701;1776717837;1592759701;UseMy
SK43eB6y;2027922086;-1205804491;1800546221;UseMy
SlrvOUWa;-1372478032;44400655;-1058209924;UseMy
SN3pjZiK;-77393447;1297769439;1484669035;UseMy
SngfSCqh;-915596817;-2103737357;-1050332339;UseMy
sQBBOKDD;1194976315;-1011221697;340157734;UseMy
sqC0sWl4;544958892;-902232349;1832818449;UseMy
sQCS90Wq;-1917238282;-1742419580;236468622;UseMy
sVXa3zFx;-545154654;929964393;1928574731;UseMy
SzoXR4Iy;550273917;-1664953571;-2058981294;UseMy
t2dcmd1L;1602349563;-1328531535;1784935053;UseMy
t4kOTpwY;-814417881;1289860186;1017780411;UseMy
t5Y0gTGv;793079038;-1411460163;842627319;UseMy
t6FNeiOC;1417741676;424326345;-435793229;UseMy
TaouqUu7;158995088;2089225194;1259329775;UseMy
taTbOAte;1403780899;-1496707868;1607813828;UseMy
taz5cAtw;1988459952;1587448838;-80443069;UseMy
tb0gqxDZ;-897473503;-1381126143;2035175816;UseMy
TbXWCRa0;214882688;-2097675594;-1490701342;UseMy
TEhwK74M;-1326753820;631876118;-375350331;UseMy
tJc5mZua;898851802;709789153;-130561777;UseMy
tJqWNH2H;1740741248;669614139;-896304855;UseMy
TLcnbALt;-269615544;1382707778;-317506211;UseMy
Tn9g83ry;-2090490250;697879308;1654029313;UseMy
tqDlfh7p;463775762;688480329;-30529233;UseMy
TrGGbtS4;457085165;1191001885;-344115936;UseMy
ttpan5jp;-1150768737;-149600167;-2141813959;UseMy
TVRbkuhC;-1247112835;896187636;651378588;UseMy
TW4iKHCt;-1999326383;-1738006680;2082674072;UseMy
tx7iJMnc;1811616229;-1541149477;378306249;UseMy
tzbXy8Nb;1475009624;38213563;-1505792950;UseMy
tzBybYcf;880630717;-931259;859143248;UseMy
tzuN76ma;-910715083;-1966403880;357432011;UseMy
U1APiMVL;417700272;-1534973384;-1283927607;UseMy
u9LBrZnr;1919737715;-830389441;-1906085296;UseMy
U9zFz8Et;173356788;53971287;-1458690312;UseMy
UCjFAPnk;706127569;-133341388;1389361482;UseMy
uHY7NqZf;1920504518;-1152996250;2135020855;UseMy
uJNvbag5;-1171671493;-712995211;515849796;UseMy
UJYaonYM;-1949378615;1987274582;-1949378615;UseMy
uKc4le8Q;2036440607;149571209;2036440607;UseMy
uLmNh3RQ;-1857669894;1772945238;433105840;UseMy
usDb8iRM;1078004314;-1703157012;-977689346;UseMy
uubL3Uck;-2079085677;2049032298;1187014340;UseMy
uyTmrmCW;-143267326;198364559;854929023;UseMy
UZ0mPm8b;1907734286;24544489;-323649501;UseMy
V7YG3nKb;695597284;2137671221;362679881;UseMy
vbiA31xT;1523081794;1140299355;1407991202;UseMy
VbRyXBsv;1403898395;-1315610711;749554187;UseMy
vI8qJ85a;423111789;1536121376;1489507445;UseMy
vixwTVbE;1508557095;2087143903;-2147318607;UseMy
Vl8BHCvF;935608563;385230752;-1230182511;UseMy
VlM9gt97;274190462;551797226;-1238630600;UseMy
VNFKqpyV;-1966031018;-1918196216;1594240723;UseMy
vp0FClX1;706237206;-352307924;-481794620;UseMy
VqAEqhr2;234707000;700520371;977386223;UseMy
VWPbNJrY;-523171367;2035878072;-1368282268;UseMy
vZ01a4cG;104214786;2116022735;-1681157800;UseMy
Wbm4XGB6;-387508854;2053992585;-1010152337;UseMy
wEdkXEa0;-1966747463;-624280600;935593212;UseMy
wOa7dcbO;1311491831;73978690;-1821754178;UseMy
wodLHjnh;843429687;540339305;121543589;UseMy
WsvrvuLE;1939177945;1847559475;2039313639;UseMy
WXDcmG0f;957083924;-741233517;-741233579;UseMy
WzBo28iT;-1438062968;1318327977;1400453124;UseMy
wZovddJ9;1578077093;422717383;-942702163;UseMy
x0cNi9lk;-128658692;-270498546;274074188;UseMy
xbVCRbUu;-1362839797;1214458282;-261583201;UseMy
xcyr5Oq2;2048684098;-907207849;418168154;UseMy
xFhaMGmY;2111251564;1200586160;-926187882;UseMy
XjbPBIct;-1669214390;-387320961;-1095180135;UseMy
xjMAjshT;1905949921;-1040873929;1798299569;UseMy
xLbfPMKR;1865339620;753642498;1045139076;UseMy
xMpCWjg0;55436213;831479453;-1074767552;UseMy
xpGoduJq;1621151139;-554877292;-621409042;UseMy
XXac5fMa;-579758578;1718029200;361989171;UseMy
y4vyNZxg;-1018508877;378048421;-1431741993;UseMy
YblqUbdp;1290703747;470922306;2077700747;UseMy
yC8X2qwQ;-1546858924;-1356690291;-388148792;UseMy
YHG17dqZ;-1015998475;1005751245;632957229;UseMy
YjsRb88D;1330301745;1375064034;1940416692;UseMy
YKdQmNyx;2041567081;1947362229;1134525173;UseMy
YRbSBxqT;720978296;-407145286;-1583646566;UseMy
ytdZutjw;614263036;-187239092;89064283;UseMy
yTUfzVaR;582601840;-649409255;-1620600424;UseMy
Yvk8a2tb;-1046763381;-108957670;197660536;UseMy
YXbKXUDu;773654343;1503934720;1445186963;UseMy
YYYBGdh5;403124693;-2124214178;179374410;UseMy
zalLawWA;-1098785881;-307647024;2122967572;UseMy
znaDexg2;1474453493;115573935;957644527;UseMy
Znft0z5W;1770519994;401638827;1220686851;UseMy
zrc7fHf2;1334720838;-1343232481;-1975899197;UseMy
zrDWbEJR;93948098;-279292023;985943198;UseMy
Zsn6kpjt;722781181;1977581709;-76324300;UseMy
zstiYI49;136289390;924099398;317588026;UseMy
zzOxYsv1;143997775;241337559;1741426606;UseMy
